Month,Primary Energy Consumed by the Residential Sector,Total Energy Consumed by the Residential Sector,Primary Energy Consumed by the Commercial Sector,Total Energy Consumed by the Commercial Sector,Primary Energy Consumed by the Industrial Sector,Total Energy Consumed by the Industrial Sector,Primary Energy Consumed by the Transportation Sector,Total Energy Consumed by the Transportation Sector,Primary Energy Consumed by the Electric Power Sector,Energy Consumption Balancing Item,Primary Energy Consumption Total
1973 January,1313.816,1932.187,656.607,1079.31,2054.675,2701.524,1506.38,1509.552,1691.096,3.693,7226.265
1973 February,1150.011,1687.255,621.766,1001.92,1869.459,2460.752,1439.361,1442.127,1511.458,2.654,6594.709
1973 March,970.362,1497.067,490.154,884.437,1944.295,2579.613,1561.162,1564.016,1559.159,-0.934,6524.198
1973 April,709.631,1177.661,362.003,735.461,1924.207,2550.21,1479.971,1482.632,1470.152,-1.627,5944.336
1973 May,544.596,1015.008,289.109,696.114,2070.447,2741.81,1621.585,1624.436,1551.631,-2.817,6074.551
1973 June,385.648,933.663,227.897,687.473,1942.08,2641.221,1540.532,1543.553,1709.752,-0.592,5805.318
1973 July,326.179,981.183,197.526,693.949,1999.819,2691.487,1583.965,1587.202,1846.331,0.678,5954.498
1973 August,338.036,1018.978,206.942,706.301,2111.198,2817.613,1646.394,1649.55,1889.873,1.923,6194.365
1973 September,361.672,956.55,210.244,651.041,2035.699,2661.997,1502.988,1505.857,1664.842,0.603,5776.048
1973 October,461.932,991.668,266.381,693.462,2232.462,2911.515,1577.804,1580.742,1638.807,0.068,6177.455
1973 November,707.132,1197.249,389.37,800.97,2274.07,2937.298,1582.22,1585.217,1567.941,1.142,6521.876
1973 December,956.291,1507.395,504.794,914.274,2261.618,2927.596,1534.862,1537.891,1629.591,2.544,6889.701
1974 January,1212.515,1823.499,629.995,1039.088,1960.95,2601.723,1439.083,1441.921,1663.689,0.476,6906.707
1974 February,1036.361,1562.936,533.849,907.821,1900.645,2504.584,1339.339,1341.826,1506.973,-0.228,6316.938
1974 March,897.426,1436.363,468.202,863.512,1939.22,2591.78,1480.5,1483.195,1589.502,-1,6373.851
1974 April,724.092,1215.416,373.423,754.176,1789.328,2427.63,1467.268,1469.842,1512.953,-3.319,5863.745
1974 May,507.294,1010.945,265.373,688.286,1909.461,2610.64,1556.574,1559.392,1630.562,-2.119,5867.145
1974 June,388.946,936.124,215.945,655.169,1848.969,2526.551,1525.441,1528.118,1666.66,-1.208,5644.753
1974 July,339.266,1013.51,196.698,703.241,1963.265,2687.414,1578.384,1581.456,1908.007,2.418,5988.038
1974 August,318.446,987.592,198.954,688.995,2031.357,2735.222,1601.286,1604.223,1865.99,2.232,6018.263
1974 September,359.285,919.805,216.105,645.205,2057.094,2691.142,1456.303,1458.89,1626.253,-1.227,5713.814
1974 October,491.557,999.326,282.939,706.494,2216.164,2907.338,1569.924,1572.633,1625.206,-0.83,6184.96
1974 November,638.307,1141.133,353.105,773.723,2135.6,2809.339,1507.699,1510.563,1600.048,3.698,6238.457
1974 December,994.417,1607.437,524.494,969.399,2043.661,2692.136,1565.376,1568.378,1709.402,8.209,6845.56
1975 January,1125.159,1758.226,545.372,990.791,2103.195,2763.065,1542.555,1545.584,1741.385,1.349,7059.014
1975 February,1066.521,1615.051,519.577,920.136,1674,2275.417,1359.325,1361.954,1553.135,-1.016,6171.542
1975 March,976.858,1538.328,465.309,892.445,1793.242,2440.013,1516.838,1519.702,1638.241,-4.231,6386.257
1975 April,856.058,1366.55,419.459,823.414,1480.884,2104.502,1508.229,1510.837,1540.673,-4.658,5800.645
1975 May,534.024,1034.664,259.802,698.717,1543.59,2220.526,1542.378,1545.238,1619.351,-4.687,5494.457
1975 June,381.986,936.766,205.58,686.931,1601.696,2286.045,1526.826,1529.658,1723.312,-1.285,5438.115
1975 July,341.272,1003.672,189.411,715.817,1701.015,2389.446,1557.246,1560.25,1880.241,2.676,5671.861
1975 August,326.611,1012.72,191.306,717.022,1752.922,2452.756,1557.471,1560.436,1914.625,4.279,5747.213
1975 September,358.313,926.799,208.351,657.008,1803.82,2422.751,1490.844,1493.554,1638.784,1.179,5501.291
1975 October,456.308,954.616,249.405,692.031,2003.645,2693.61,1568.36,1571.249,1633.788,0.234,5911.74
1975 November,577.673,1065.259,305.791,737.377,1919.98,2603.459,1442.298,1445.305,1605.659,1.841,5853.242
1975 December,988.846,1598.15,499.825,962.577,2056.792,2762.669,1598.123,1601.232,1781.043,4.962,6929.591
1976 January,1277.212,1986.659,635.682,1118.587,1982.444,2669.716,1532.245,1535.406,1882.783,4.764,7315.131
1976 February,1087.483,1674.363,545.966,971.029,1691.658,2327.845,1419.173,1421.841,1650.798,1.008,6396.086
1976 March,882.198,1434.389,442.57,890.242,1744.93,2463.82,1604.614,1607.566,1721.705,-1.198,6394.82
1976 April,672.973,1163.868,337.725,753.23,1673.539,2359.133,1581.987,1584.545,1594.553,-2.549,5858.227
1976 May,529.469,1009.166,275.205,715.556,1783.424,2508.466,1564.477,1567.172,1647.787,-3.972,5796.389
1976 June,420.706,964.724,226.751,724.307,1743.835,2526.313,1610.508,1613.299,1826.842,-1.201,5827.441
1976 July,351.95,1006.965,196.963,745.448,1853.241,2622.912,1648.182,1651.192,1976.18,1.125,6027.641
1976 August,327.176,1002.932,201.682,736.425,1861.429,2622.754,1606.282,1609.175,1974.717,2.451,5973.736
1976 September,353.007,923.155,209.976,685.272,1857.371,2552.47,1579.52,1582.273,1743.297,-0.522,5742.648
1976 October,488.845,1005.253,268.183,733.104,2158.125,2906.867,1599.725,1602.472,1732.819,0.073,6247.77
1976 November,817.854,1372.664,433.886,897.928,2098.841,2857.016,1599.713,1602.617,1779.932,2.68,6732.906
1976 December,1182.262,1863.448,596.88,1093.165,2215.828,2976.731,1720.249,1723.225,1941.35,4.956,7661.524
1977 January,1447.095,2239.681,696.361,1223.633,2047.324,2801.56,1582.153,1585.432,2077.373,5.318,7855.623
1977 February,1229.291,1869.527,586.44,1018.84,1602.721,2238.883,1527.15,1529.74,1711.388,0.909,6657.899
1977 March,857.068,1441.002,419.39,878.851,1865.642,2601.65,1656.555,1659.602,1782.45,-3.496,6577.61
1977 April,631.735,1132.077,321.203,752.308,1740.243,2463.15,1638.161,1640.796,1656.988,-5.242,5983.088
1977 May,473.686,979.115,253.828,734.629,1864.076,2670.669,1617.665,1620.607,1795.764,-4.135,6000.884
1977 June,384.297,971.294,222.034,741.922,1890.509,2699.588,1675.118,1678.044,1918.889,-1.649,6089.198
1977 July,337.28,1084.85,204.519,785.466,1857.624,2657.426,1666.152,1669.284,2131.452,2.35,6199.376
1977 August,331.138,1065.597,206.912,771.813,1956.794,2746.716,1712.899,1715.861,2092.245,4.082,6304.07
1977 September,346.875,974.452,210.952,721.805,2002.451,2737.107,1644.563,1647.372,1875.895,2.788,6083.524
1977 October,476.104,1018.153,266.787,736.815,2104.433,2851.468,1666.93,1669.798,1761.98,-0.212,6276.021
1977 November,643.115,1173.632,342.382,809.447,2079.426,2853.192,1647.406,1650.399,1774.34,2.022,6488.691
1977 December,1035.933,1708.154,527.344,1033.847,2154.48,2944.423,1751.465,1754.664,1971.866,4.684,7445.772
1978 January,1205.053,2000.053,592.83,1130.769,2140.287,2935.009,1648.556,1651.746,2130.852,7.383,7724.961
1978 February,1210.296,1924.551,599.04,1081.65,1782.465,2462.234,1576.475,1579.264,1879.423,7.935,7055.634
1978 March,1021.338,1696.087,522.942,1007.467,1780.657,2494.343,1762.251,1765.033,1875.744,6.438,6969.369
1978 April,670.843,1206.671,336.272,775.855,1798.95,2521.259,1668.784,1671.216,1700.153,-1.444,6173.557
1978 May,541.681,1081.209,281.476,765.406,1881.947,2712.974,1784.235,1786.987,1857.237,-4.87,6341.706
1978 June,391.921,1006.572,221.655,763.584,1800.105,2642.119,1741.375,1744.207,2001.427,-3.526,6152.956
1978 July,343.489,1091.233,199.133,793.815,1913.155,2736.671,1721.157,1724.251,2169.036,-2.243,6343.727
1978 August,354.94,1118.362,211.479,806.325,1931.196,2772.882,1799.173,1802.121,2202.903,-0.136,6499.555
1978 September,366.276,1037.052,215.212,748.418,1880.9,2650.587,1654.273,1657.069,1976.464,-1.917,6091.208
1978 October,480.489,1050.203,271.878,763.629,2087.016,2881.357,1735.024,1737.709,1858.491,-4.305,6428.593
1978 November,670.532,1223.173,348.814,839.772,2087.009,2902.769,1722.793,1725.772,1862.337,-2.324,6689.161
1978 December,1003.088,1692.701,508.213,1035.578,2159.852,2978.896,1768.665,1771.69,2039.047,0.627,7479.492
1979 January,1243.537,2087.712,652.366,1217.848,2221.812,3046.493,1736.055,1739.367,2237.651,4.63,8096.05
1979 February,1242.258,1987.811,645.78,1148.996,1857.958,2601.203,1669.22,1671.974,1994.768,3.509,7413.492
1979 March,942.975,1608.938,502.71,995.691,1933.132,2716.638,1833.211,1835.958,1945.198,-2.209,7155.015
1979 April,682.686,1240.043,369.419,829.144,1793.999,2572.446,1650.616,1653.147,1798.06,-3.728,6291.051
1979 May,491.742,1030.974,272.952,765.782,1970.01,2816.628,1738.592,1741.283,1881.371,-3.312,6351.355
1979 June,370.212,956.854,215.857,750.387,1912.086,2763.461,1674.656,1677.392,1975.284,-1.303,6146.792
1979 July,328.246,1038.818,192.819,780.939,1937.419,2798.07,1659.04,1661.98,2162.284,0.764,6280.572
1979 August,326.347,1087.877,197.128,788.034,2027.441,2872.964,1743.57,1746.596,2200.984,1.346,6496.817
1979 September,330.04,973.422,202.778,727.181,1960.939,2726.214,1628.985,1631.795,1935.87,-2.318,6056.294
1979 October,444.419,1016.045,263.347,779.738,2188.98,3014.256,1735.36,1738.242,1916.175,-1.287,6546.994
1979 November,627.707,1205.234,359.719,855.849,2162.082,2974.3,1642.999,1645.91,1888.785,1.5,6682.793
1979 December,888.74,1576.952,490.968,1009.706,2226.201,3023.08,1724.954,1727.893,2006.768,3.973,7341.604
1980 January,1051.683,1826.947,561.73,1102.43,2162.732,2957.907,1679.975,1683.412,2114.576,-1.359,7569.338
1980 February,1061.133,1779.042,555.977,1061.492,1896.368,2658.723,1626.026,1629.048,1988.801,-1.199,7127.106
1980 March,915.095,1603.835,479.81,986.711,1961.605,2748.129,1687.585,1690.604,1985.185,-3.897,7025.383
1980 April,637.93,1209.233,337.577,799.022,1734.641,2484.338,1674.912,1677.628,1785.161,-7.623,6162.598
1980 May,467.967,1016.289,250.653,750.53,1788.551,2595.274,1653.083,1656.148,1857.988,-6.87,6011.371
1980 June,365.813,1003.445,209.245,765.708,1702.985,2517.169,1587.224,1590.303,2011.359,-0.753,5875.872
1980 July,307.459,1163.408,178.998,821.063,1686.134,2503.659,1641.318,1644.729,2318.95,5.864,6138.724
1980 August,288.127,1168.734,173.449,804.422,1695.361,2486.699,1597.687,1600.924,2306.155,5.762,6066.541
1980 September,312.789,1041.657,195.086,756.043,1832.607,2578.643,1591.445,1594.546,2038.964,3.337,5974.226
1980 October,439.423,1043.756,265.636,784.572,2035.541,2812.166,1676.766,1679.806,1902.933,0.34,6320.64
1980 November,637.694,1226.25,368.526,878.078,1986.506,2773.898,1541.482,1544.591,1888.61,1.225,6424.042
1980 December,953.685,1670.298,528.616,1071.372,2110.658,2918.559,1699.934,1703.29,2070.626,4.095,7367.613
1981 January,1174.827,2014.965,616.398,1189.09,1967.417,2728.047,1705.613,1708.834,2176.681,2.441,7643.376
1981 February,991.369,1683.398,499.186,1001.534,1590.369,2293.368,1507.877,1510.657,1900.157,-0.379,6488.579
1981 March,787.885,1440.933,404.505,929.019,1823.64,2600.476,1639.094,1642.089,1957.393,-1.95,6610.567
1981 April,537.055,1108.806,281.973,778.621,1634.294,2399.475,1592.15,1594.921,1836.351,-2.454,5879.369
1981 May,429.705,996.568,229.946,767.594,1752.369,2558.023,1617.244,1620.232,1913.153,1.333,5943.749
1981 June,328.956,1011.218,188.283,804.96,1659.204,2529.46,1647.729,1650.824,2172.29,3.145,5999.608
1981 July,293.769,1125.714,169.529,833.334,1725.833,2578.251,1670.817,1674,2351.351,1.082,6212.381
1981 August,286.7,1086.1,183.101,818.557,1756.884,2575.742,1632.938,1635.993,2256.77,0.172,6116.564
1981 September,298.618,951.551,186.048,761.759,1758.577,2517.445,1593.675,1596.553,1990.389,-2.482,5824.826
1981 October,456.553,1049.961,269.243,817.339,1889.943,2664.389,1614.494,1617.451,1918.907,-1.508,6147.633
1981 November,593.227,1180.761,334.828,861.946,1795.045,2543.088,1554.787,1557.822,1865.731,-1.118,6142.499
1981 December,865.253,1605.626,474.188,1054.628,1963.527,2724.461,1699.994,1703.273,2085.025,4.475,7092.463
1982 January,1145.192,2037.891,598.217,1213.657,1891.91,2628.64,1569.717,1573.214,2248.365,-0.756,7452.645
1982 February,1010.225,1742.925,521.585,1058.109,1519.065,2184.459,1490.778,1493.75,1937.589,-3.769,6475.473
1982 March,843.13,1533.826,445.965,1001.867,1646.678,2383.021,1630.215,1633.336,1986.063,-3.589,6548.462
1982 April,681.212,1294.481,359.443,879.979,1523.994,2224.421,1647.06,1649.936,1837.108,-3.908,6044.908
1982 May,426.786,1009.215,228.973,783.439,1465.155,2206.428,1607.643,1610.761,1881.286,-2.769,5607.074
1982 June,332.526,968.998,179.078,775.948,1481.185,2230.655,1599.434,1602.435,1985.813,-1.026,5577.011
1982 July,297.513,1104.857,167.183,842.77,1506.7,2276.115,1609.88,1613.137,2255.603,3.636,5840.514
1982 August,288.456,1099.316,178.246,830.961,1561.854,2296.163,1589.819,1592.794,2200.859,3.511,5822.744
1982 September,335.39,1022.053,204.404,803.278,1525.442,2178.64,1544.621,1547.573,1941.688,2.017,5553.562
1982 October,410.105,1005.641,231.512,793.597,1674.699,2362.924,1563.52,1566.54,1848.866,1.842,5730.544
1982 November,563.214,1168.342,310.041,860.49,1660.337,2364.299,1583.369,1586.483,1862.653,3.436,5983.05
1982 December,812.927,1539.935,439.895,1018.715,1594.942,2279.362,1616.719,1619.863,1993.393,5.566,6463.441
1983 January,1112.526,1922.144,580.841,1170.237,1636.969,2307.397,1507.366,1511.252,2073.327,1.437,6912.467
1983 February,893.156,1580.016,474.705,992.963,1500.342,2123.766,1370.641,1374.025,1831.926,-0.818,6069.952
1983 March,810.14,1490.168,434.001,989.125,1584.335,2279.943,1672.204,1675.889,1934.444,1.207,6436.333
1983 April,651.687,1273.99,357.878,874.034,1519.482,2188.932,1537.664,1540.887,1811.133,-4.007,5873.836
1983 May,451.316,1034.261,242.057,784.674,1526.165,2262.386,1614.977,1618.355,1865.162,-2.151,5697.525
1983 June,336.296,978.628,192.917,798.325,1476.043,2260.918,1638.745,1642.167,2036.037,2.481,5682.518
1983 July,296.461,1141.32,182.486,876.245,1498.866,2300.968,1620.916,1624.692,2344.494,3.458,5946.682
1983 August,294.629,1213.98,191.835,893.428,1536.959,2353.518,1663.509,1667.249,2441.243,4.961,6133.137
1983 September,297.488,1056.284,192.804,802.188,1516.529,2238.222,1603.331,1606.672,2093.214,0.974,5704.341
1983 October,363.019,976.307,227.98,800.678,1547.223,2310.584,1616.502,1619.832,1952.677,-1.831,5705.57
1983 November,517.041,1130.908,308.368,867.582,1588.405,2360.477,1579.921,1583.394,1948.627,-2.28,5940.081
1983 December,809.371,1625.005,454.841,1089.032,1615.947,2442.541,1708.329,1712.182,2280.271,-0.635,6868.125
1984 January,1200.03,2129.572,629.189,1261.425,1903.291,2642.979,1619.193,1623.344,2305.616,1.898,7659.216
1984 February,935.095,1675.856,491.6,1054.985,1707.92,2418.941,1475.218,1478.84,2018.788,-0.296,6628.326
1984 March,865.955,1589.806,462.728,1056.81,1783.16,2570.505,1642.998,1647.003,2109.281,-0.181,6863.942
1984 April,677.707,1291.656,364.644,903.717,1713.246,2460.433,1622.215,1625.737,1903.732,-6.158,6275.386
1984 May,484.98,1108.134,263.734,855.432,1700.608,2519.4,1693.894,1697.791,2037.542,-4.567,6176.19
1984 June,348.43,1052.346,195.621,856.591,1602.28,2454.306,1662.312,1666.333,2220.934,1.833,6031.41
1984 July,311.54,1132.58,188.926,894.979,1623.718,2448.97,1677.717,1681.849,2356.478,2.441,6160.819
1984 August,312.346,1168.674,200.546,912.823,1648.252,2515.35,1723.121,1727.355,2439.937,3.865,6328.067
1984 September,322.161,1028.098,207.584,833.174,1572.42,2313.561,1587.621,1591.241,2076.288,-0.048,5766.025
1984 October,384.254,1008.054,234.912,847.023,1654.86,2440.579,1664.646,1668.474,2025.458,1.732,5965.862
1984 November,548.468,1187.911,317.824,915.949,1608.097,2379.917,1615.697,1619.644,2013.334,1.232,6104.652
1984 December,820.949,1582.196,443.792,1052.454,1655.274,2408.154,1623.955,1627.965,2126.798,1.042,6671.81
1985 January,1038.664,1953.435,520.771,1187.349,1786.702,2591.591,1643.621,1647.801,2390.419,2.025,7382.202
1985 February,1105.351,1913.52,549.463,1127.949,1640.557,2337.967,1501.243,1504.787,2087.61,0.451,6884.675
1985 March,809.187,1516.21,409.438,994.251,1641.672,2395.138,1674.539,1678.228,2048.99,-1.12,6582.706
1985 April,599.29,1206.396,302.316,868.993,1605.119,2355.024,1682.269,1685.978,1927.396,-5.449,6110.942
1985 May,402.673,1014.664,210.6,836.259,1606.751,2428.082,1730.5,1734.382,2062.864,-3.297,6010.09
1985 June,339.028,1035.519,176.102,839.208,1535.402,2349.195,1657.042,1660.861,2177.209,0.532,5885.315
1985 July,315.682,1149.519,176.884,912.32,1578.611,2407.347,1716.839,1720.91,2402.079,1.682,6191.778
1985 August,315.269,1156.849,180.473,907.194,1600.891,2425.344,1767.675,1771.71,2396.789,1.102,6262.2
1985 September,324.773,1064.453,188.288,839.351,1519.679,2264.185,1592.733,1596.404,2138.921,-0.711,5763.682
1985 October,414.072,1055.261,232.13,859.413,1621.012,2400.529,1712.752,1716.489,2051.726,-0.38,6031.312
1985 November,537.897,1180.795,295.854,912.821,1561.04,2329.738,1636.884,1640.877,2032.555,-0.821,6063.41
1985 December,950.331,1795.12,491.346,1168.883,1743.078,2528.496,1725.37,1729.485,2311.86,2.083,7224.067
1986 January,1079.456,1981.74,558.282,1208.938,1820.646,2552.052,1652.815,1656.988,2288.518,-0.059,7399.658
1986 February,944.488,1684.176,496.167,1084.682,1648.687,2347.777,1505.295,1509.074,2031.073,-1.462,6624.247
1986 March,826.884,1539.834,425.672,1017.71,1731.222,2481.556,1740.552,1744.494,2059.263,-3.424,6780.17
1986 April,563.26,1180.938,297.258,871.68,1598.219,2345.154,1718.976,1722.59,1942.65,-6.581,6113.781
1986 May,429.552,1057.117,228.097,861.909,1611.23,2418.761,1765.977,1770.133,2073.064,-4.633,6103.287
1986 June,324.679,1057.373,180.429,901.532,1526.697,2325.066,1730.903,1735.06,2256.323,0.736,6019.767
1986 July,306.932,1249.832,176.494,968.962,1482.7,2310.835,1817.214,1821.882,2568.17,6.514,6358.024
1986 August,306.457,1187.564,181.861,912.615,1520.808,2293.246,1825.88,1830.078,2388.496,4.21,6227.713
1986 September,313.691,1049.093,182.512,867.448,1469.769,2233.483,1665.849,1669.904,2188.107,2.535,5822.464
1986 October,399.736,1078.56,227.429,868.027,1534.478,2303.982,1787.709,1791.715,2092.932,1.615,6043.899
1986 November,559.769,1229.547,300.257,936.285,1497.139,2262.122,1689.695,1693.472,2074.566,1.542,6122.967
1986 December,852.497,1675.117,438.709,1110.799,1635.875,2399.26,1839.057,1843.4,2262.436,2.459,7031.035
1987 January,1012.932,1931.481,529.384,1206.352,1871.957,2615.353,1716.571,1720.934,2343.276,2.33,7476.45
1987 February,925.746,1681.156,489.3,1086.185,1666.641,2347.609,1612.861,1616.725,2037.128,0.487,6732.162
1987 March,818.442,1554.99,431.63,1054.327,1637.124,2389.077,1767.854,1771.882,2115.226,0.431,6770.707
1987 April,603.744,1250.069,318.181,913.464,1632.548,2374.998,1779.837,1783.711,1987.932,-4.467,6317.775
1987 May,410.234,1079.592,223.906,900.659,1584.017,2395.457,1824.711,1828.945,2161.784,-1.566,6203.087
1987 June,326.908,1112.209,182.765,924.903,1594.861,2432.019,1806.681,1811.055,2368.97,3.673,6283.858
1987 July,314.036,1268.777,186.235,988.738,1639.345,2489.109,1876.051,1880.589,2611.546,3.271,6630.484
1987 August,297.592,1271.368,176.639,962.391,1615.376,2450.339,1826.751,1831.196,2598.937,3,6518.294
1987 September,321.32,1079.85,199.802,891.913,1601.532,2381.24,1771.436,1775.383,2234.295,-0.844,6127.542
1987 October,452.286,1104.985,261.461,922.516,1687.55,2483.461,1853.943,1857.96,2113.682,-2.513,6366.409
1987 November,582.158,1243.133,323.157,960.669,1624.352,2416.203,1725.532,1729.639,2094.444,-3.52,6346.123
1987 December,858.959,1686.844,452.069,1135.19,1797.286,2601.464,1856.546,1860.857,2319.495,-2.814,7281.541
1988 January,1149.208,2133.93,574.874,1286.666,1786.205,2567.198,1810.703,1814.99,2481.795,1.352,7804.136
1988 February,1021.545,1859.792,527.806,1181.152,1751.242,2500.869,1766.131,1770.153,2245.242,-0.116,7311.849
1988 March,854.493,1630.123,448.14,1107.737,1855.658,2643.031,1918.446,1922.493,2226.646,-2.458,7300.926
1988 April,605.016,1260.376,322.488,951.389,1637.273,2403.707,1837.816,1841.677,2054.556,-3.261,6453.888
1988 May,455.883,1108.817,247.486,923.512,1682.513,2519.327,1841.531,1845.667,2169.909,-2.639,6394.683
1988 June,333.438,1121.331,200.952,973.082,1656.133,2529.722,1880.414,1884.918,2438.117,2.801,6511.855
1988 July,319.541,1312.656,204.134,1044.33,1655.534,2526.482,1858.447,1863.132,2708.943,3.642,6750.241
1988 August,316.005,1373.343,211.143,1064.653,1757.972,2651.49,1892.15,1896.835,2809.051,6.214,6992.534
1988 September,325.603,1116.235,204.256,924.294,1689.406,2480.476,1819.172,1823.307,2305.875,0.59,6344.903
1988 October,452.908,1134.134,258.954,949.334,1800.131,2618.111,1886.914,1891.139,2193.811,-1.64,6591.078
1988 November,622.158,1317.127,336.266,1000.426,1748.798,2558.648,1829.199,1833.316,2173.096,-1.326,6708.19
1988 December,901.408,1765.873,457.544,1172.96,1840.596,2675.79,1925.679,1930.081,2419.477,0.207,7544.911
1989 January,1035.835,1973.644,514.931,1235.342,1795.131,2615.321,1815.942,1820.321,2482.788,-1.208,7643.419
1989 February,993.387,1848.448,502.963,1193.119,1688.064,2486.625,1702.561,1706.675,2347.891,-1.369,7233.498
1989 March,909.774,1771.925,469.26,1188.077,1827.973,2657.164,1927.437,1931.806,2414.529,-3.27,7545.703
1989 April,629.471,1340.074,333.649,1012.14,1688.894,2509.763,1802.713,1806.787,2214.039,-4.549,6664.216
1989 May,458.244,1174.911,248.911,989.677,1688.573,2590.772,1881.657,1886.121,2364.096,-2.342,6639.14
1989 June,353.698,1175.322,209.717,1013.791,1686.953,2594.632,1908.081,1912.731,2538.026,0.871,6697.346
1989 July,321.45,1320.879,197.929,1074.242,1669.151,2589.413,1867.655,1872.56,2800.908,2.566,6859.659
1989 August,331.343,1320.175,209.645,1077.756,1744.252,2674.484,1950.28,1955.11,2792.005,3.969,7031.494
1989 September,346.948,1181.204,208.361,979.483,1681.53,2525.555,1792.842,1797.178,2453.739,1.121,6484.541
1989 October,454.027,1183.524,252.679,996.054,1792.81,2680.079,1932.26,1936.706,2364.586,-2.331,6794.031
1989 November,643.427,1382.059,346.582,1070.559,1767.414,2639.923,1848.402,1852.806,2339.522,-1.786,6943.56
1989 December,1094.369,2118.194,551.58,1367.195,1850.329,2762.245,1994.914,1999.778,2756.22,1.312,8248.724
1990 January,998.242,2018.086,523.938,1270.04,1854.514,2657.92,1863.182,1867.461,2573.631,-0.539,7812.967
1990 February,833.535,1639.671,449.567,1140.222,1668.02,2474.805,1750.403,1754.496,2307.669,-2.138,7007.056
1990 March,739.796,1558.741,411.314,1150.566,1801.646,2676.452,1921.893,1926.195,2437.304,-2.535,7309.418
1990 April,572.502,1299.575,335.56,1041.2,1763.034,2613.099,1815.174,1819.303,2286.906,-1.737,6771.439
1990 May,411.281,1143.17,249.81,1019.43,1750.39,2666.977,1917.731,1922.291,2422.657,-1.493,6750.376
1990 June,317.722,1195.523,216.192,1072.306,1675.923,2634.68,1850.393,1855.217,2697.495,2.051,6759.777
1990 July,288.175,1335.105,218.445,1130.331,1733.556,2668.523,1892.495,1897.637,2898.925,4.851,7036.447
1990 August,295.425,1323.485,217.878,1136.629,1829.653,2805.905,2007.555,2012.597,2928.105,4.915,7283.532
1990 September,301.791,1214.831,219.284,1034.172,1740.981,2605.634,1755.875,1760.284,2596.99,3.127,6618.049
1990 October,394.7,1160.903,255.64,1030.22,1823.578,2725.602,1891.545,1895.895,2447.157,-0.207,6812.414
1990 November,560.225,1291.366,335.122,1054.842,1740.043,2594.291,1833.534,1837.581,2309.155,-1.642,6776.438
1990 December,839.803,1751.413,461.071,1241.668,1789.906,2681.595,1865.77,1870.028,2588.154,1.941,7546.645
1991 January,1081.775,2137.647,571.965,1366.764,1896.933,2754.415,1815.397,1819.779,2712.536,0.055,8078.661
1991 February,856.738,1686.339,469.163,1152.726,1598.574,2369.565,1656.087,1659.908,2287.976,-1.8,6866.738
1991 March,765.787,1599.772,418.815,1153.489,1682.692,2527.697,1862.147,1866.298,2417.813,-3.19,7144.066
1991 April,543.492,1269.986,318.908,1026.76,1621.63,2457.714,1783.814,1787.944,2274.56,-1.68,6540.723
1991 May,391.816,1183.085,241.236,1055.351,1623.19,2568.689,1846.302,1851.159,2555.74,0.93,6659.213
1991 June,306.699,1229.184,204.847,1070.148,1622.881,2543.272,1852.107,1856.886,2712.955,3.02,6702.509
1991 July,292.759,1389.099,217.389,1146.986,1704.164,2653.898,1903.9,1908.977,2980.748,3.908,7102.868
1991 August,283.728,1341.414,203.236,1122.28,1758.129,2716.164,1928.724,1933.768,2939.808,4.075,7117.701
1991 September,297.23,1184.323,206.369,1018.901,1798.97,2661.352,1792.541,1796.929,2566.394,0.721,6662.225
1991 October,401.937,1163.822,260.171,1036.452,1858.684,2753.945,1905.951,1910.102,2437.577,-1.496,6862.825
1991 November,647.916,1436.683,357.912,1103.721,1800.855,2671.861,1796.792,1800.883,2409.674,-2.034,7011.114
1991 December,877.209,1797.721,475.982,1248.307,1856.998,2719.096,1921.067,1925.381,2559.25,-1.914,7688.591
1992 January,1021.268,2043.664,537.754,1314.782,1922.792,2787.063,1840.143,1844.464,2668.016,-1.018,7988.956
1992 February,903.382,1768.798,475.928,1179.044,1737.171,2546.828,1751.841,1755.798,2382.146,-2.762,7247.705
1992 March,776.563,1598.684,419.646,1160.68,1834.231,2718.27,1874.552,1878.759,2451.401,-2.809,7353.583
1992 April,611.751,1356.808,345.587,1052.211,1749.889,2600.92,1833.997,1838.055,2306.77,-1.997,6845.997
1992 May,414.974,1144.439,251.918,1014.124,1739.557,2649.251,1891.008,1895.385,2405.742,-0.796,6702.403
1992 June,323.69,1136.537,206.485,1037.381,1748.601,2706.413,1832.747,1837.282,2606.091,1.708,6719.321
1992 July,297.171,1326.188,205.874,1124.119,1804.759,2789.071,1915.996,1920.87,2936.448,4.024,7164.272
1992 August,282.438,1270.478,202.589,1079.479,1810.386,2767.484,1908.24,1912.897,2826.686,3.073,7033.411
1992 September,316.615,1175.695,215.883,1038.574,1761.48,2666.507,1799.482,1804.045,2591.361,2.073,6686.894
1992 October,423.276,1177.479,258.466,1024.908,1880.943,2778.788,1921.785,1925.975,2422.68,-0.268,6906.882
1992 November,630.259,1411.944,358.793,1105.64,1852.416,2755.878,1806.994,1811.159,2436.16,-1.075,7083.547
1992 December,948.548,1945.773,512.176,1311.462,1913.599,2801.398,1985.97,1990.374,2688.715,0.203,8049.21
1993 January,1049.161,2097.492,530.769,1333.339,1837.992,2701.931,1775.137,1779.54,2719.243,0.153,7912.456
1993 February,974.792,1869.897,511.774,1243.866,1772.86,2593.428,1713.875,1718.006,2451.897,-0.599,7424.598
1993 March,920.057,1840.296,484.117,1257.155,1913.178,2793.601,1921.436,1925.692,2577.956,-0.152,7816.592
1993 April,629.379,1381.568,349.145,1070.676,1742.426,2593.978,1859.238,1863.264,2329.299,-2.01,6907.476
1993 May,395.202,1122.324,232.916,1016.127,1663.583,2591.422,1918.48,1922.718,2442.409,-2.108,6650.483
1993 June,323.172,1210.467,205.715,1087.079,1701.26,2677.783,1865.95,1870.603,2749.836,1.379,6847.311
1993 July,295.444,1467.885,201.497,1175.507,1751.482,2734.848,1925.236,1930.047,3134.628,4.775,7313.062
1993 August,292.198,1455.698,196.975,1164.236,1794.614,2775.76,1932.144,1936.978,3116.742,4.713,7337.386
1993 September,305.207,1230.303,198.506,1032.165,1807.303,2673.023,1878.109,1882.514,2628.879,0.999,6819.004
1993 October,407.855,1188.637,240.998,1038.563,1933.685,2835.169,1922.195,1926.664,2484.3,-0.854,6988.178
1993 November,633.136,1448.114,344.396,1114.087,1905.588,2815.211,1903.988,1908.327,2498.63,-0.012,7285.727
1993 December,915.18,1900.925,473.425,1284.759,1918.549,2829.708,2001.88,2006.38,2712.737,0.542,8022.313
1994 January,1190.852,2341.904,609.158,1443.082,2038.87,2931.439,1868.485,1873.161,2882.22,0.211,8589.797
1994 February,1051.467,1982.767,553.524,1288.997,1872.133,2681.829,1790.873,1795.087,2480.682,-2.279,7746.401
1994 March,827.057,1708.91,453.937,1234.254,1886.445,2777.344,1945.816,1950.253,2557.508,-2.341,7668.421
1994 April,553.874,1308.67,320.095,1073.519,1802.538,2680.066,1919.669,1923.874,2389.952,-2.807,6983.321
1994 May,403.17,1168.493,242.773,1049.893,1756.89,2710.026,1959.564,1963.983,2530,-1.889,6890.507
1994 June,302.71,1280.656,209.553,1155.107,1772.427,2782.969,1939.804,1944.809,2939.045,2.892,7166.432
1994 July,275.669,1441.037,204.473,1184.23,1815.042,2792.063,1969.102,1974.129,3127.173,3.564,7395.024
1994 August,280.327,1371.345,200.15,1168.778,1856.227,2868.532,2060.048,2065.035,3076.939,3.539,7477.23
1994 September,285.83,1178.574,194.839,1047.273,1843.7,2760.095,1895.25,1899.755,2666.078,0.463,6886.16
1994 October,389.676,1169.459,243.444,1062.602,1928.446,2867.113,1972.658,1977.219,2542.169,-1.17,7075.223
1994 November,566.447,1353.297,327.569,1115.694,1859.089,2786.926,1895.556,1900.038,2507.293,-3.164,7152.79
1994 December,850.003,1802.854,457.009,1276.56,1958.837,2880.842,2046.709,2051.319,2699.016,-2.717,8008.857
1995 January,1028.891,2087.71,540.114,1378.951,1931.587,2828.277,1927.484,1932.021,2798.883,-0.766,8226.193
1995 February,960.21,1867.027,521.717,1282.259,1824.234,2653.596,1795.199,1799.374,2500.895,-2.034,7600.222
1995 March,787.365,1659.635,438.603,1246.913,1897.537,2807.856,2029.972,2034.367,2595.295,-2.771,7746
1995 April,589.658,1337.888,341.676,1116.77,1845.357,2738.622,1916.265,1920.446,2420.771,-3.036,7110.691
1995 May,415.827,1216.793,257.366,1103.469,1849.63,2822.094,2009.972,2014.41,2623.97,-1.366,7155.399
1995 June,306.989,1256.587,204.449,1137.741,1816.804,2804.577,2030.136,2034.839,2875.365,2.139,7235.883
1995 July,271.293,1494.524,197.05,1260.304,1869.342,2888.607,1975.753,1980.85,3310.846,6.148,7630.432
1995 August,260.806,1593.848,201.414,1284.168,1929.69,2977.527,2054.409,2059.595,3468.818,7.198,7922.336
1995 September,281.91,1264.351,204.561,1100.241,1899.155,2799.21,1971.687,1976.422,2782.912,0.665,7140.889
1995 October,375.286,1193.992,248.137,1125.169,1938.474,2879.887,2026.308,2030.92,2641.763,-0.273,7229.695
1995 November,673.313,1525.024,396.494,1231.782,1922.243,2837.886,1980.028,1984.546,2607.161,-1.847,7577.392
1995 December,982.898,2025.096,548.915,1423.768,1993.478,2923.666,2039.422,2044.053,2851.871,-0.921,8415.663
1996 January,1172.45,2360.113,605.479,1483.06,2046.235,2952.532,1982.63,1987.14,2976.053,-0.865,8781.981
1996 February,1057.035,2074.385,559.509,1375.362,1883.384,2756.648,1900.935,1905.185,2710.716,-2.074,8109.506
1996 March,912.159,1867.533,491.527,1333.549,2019.246,2950.993,2043.977,2048.284,2733.451,-2.824,8197.535
1996 April,647.999,1457.257,371.091,1164.671,1855.646,2746.852,1997.331,2001.486,2498.199,-3.098,7367.168
1996 May,430.91,1307.598,258.453,1176.776,1872.833,2892.008,2087.251,2091.913,2818.848,-0.427,7467.868
1996 June,314.877,1352.374,206.252,1187.622,1889.4,2899.141,2005.052,2009.77,3033.326,2.047,7450.954
1996 July,273.128,1498.558,197.778,1246.568,1899.253,2922.258,2086.283,2091.159,3302.101,4.515,7763.058
1996 August,271.785,1472.285,196.123,1254.85,1963.783,2996.335,2141.193,2146.127,3296.713,5.205,7874.803
1996 September,294.056,1265.879,198.913,1128.422,1869.044,2806.866,1944.217,1949.013,2843.951,1.788,7151.97
1996 October,419.64,1251.343,258.98,1150.561,2098.267,3076.236,2139.496,2144.028,2705.786,0.632,7622.8
1996 November,709.203,1585.844,400.809,1263.493,1998.057,2951.717,1995.816,2000.27,2697.44,0.006,7801.33
1996 December,961.326,2003.324,528.615,1411.29,2013.205,2952.385,2040.372,2044.893,2868.374,-0.588,8411.304
1997 January,1140.688,2297.663,603.165,1526.824,2098.7,3014.217,1986.154,1990.619,3000.615,0.064,8829.387
1997 February,952.42,1880.265,524.534,1330.49,1872.722,2713.074,1867.253,1871.291,2578.19,-2.761,7792.359
1997 March,788.591,1693.385,456.717,1329.042,1984.371,2909.528,2057.295,2061.494,2706.475,-3.344,7990.105
1997 April,599.112,1388.353,357.149,1196.159,1966.135,2880.826,2062.652,2066.751,2547.041,-3.645,7528.444
1997 May,431.927,1243.872,280.118,1187.315,1942.962,2935.597,2111.124,2115.526,2716.18,-0.546,7481.764
1997 June,307.741,1268.436,228.391,1241.795,1880.303,2906.227,2046.89,2051.572,3004.705,2.735,7470.765
1997 July,272.8,1556.227,221.392,1369.899,1955.151,2995.822,2163.509,2168.649,3477.746,5.588,8096.186
1997 August,266.344,1485.087,216.185,1304.216,1961.729,3003.812,2112.107,2117.058,3353.807,4.814,7914.987
1997 September,278.238,1299.844,217.082,1222.391,1911.394,2883.193,2004.725,2009.534,3003.522,2.647,7417.608
1997 October,390.461,1297.096,269.04,1230.443,2072.737,3033.05,2115.299,2119.99,2833.043,1.489,7682.068
1997 November,665.055,1543.166,394.609,1281.727,1968.404,2905.318,2021.59,2026.004,2706.556,-1.265,7754.95
1997 December,937.324,2008.955,527.14,1464.773,2070,3014.337,2119.535,2124.036,2958.102,0.362,8612.464
1998 January,1013.548,2130.876,558.24,1486.862,2042.748,2946.353,2046.944,2051.407,2954.019,-2.149,8613.349
1998 February,867.119,1770.686,487.547,1316.148,1833.046,2699.049,1864.63,1868.519,2602.058,-4.197,7650.204
1998 March,832.571,1793.397,464.557,1385.493,1959.642,2908.14,2087.015,2091.38,2834.626,-3.726,8174.686
1998 April,557.547,1362.054,336.106,1206.86,1894.9,2812.972,2134.236,2138.327,2597.424,-5.165,7515.048
1998 May,370.479,1286.09,249.113,1265.752,1874.652,2934.055,2090.239,2094.948,2996.362,-1.358,7579.487
1998 June,290.691,1439.549,209.671,1318.049,1812.482,2864.557,2088.803,2093.718,3314.226,3.584,7719.457
1998 July,266.17,1679.462,213.714,1405.996,1939.382,2976.581,2207.295,2212.256,3647.734,6.666,8280.961
1998 August,255.129,1616.22,216.407,1397.241,1975.783,3035.048,2170.454,2175.538,3606.275,6.461,8230.509
1998 September,247.526,1393.639,205.25,1281.917,1899.543,2864.771,2070.46,2075.478,3193.026,3.462,7619.267
1998 October,354.731,1282.377,251.928,1221.419,1994.384,2938.028,2168.959,2173.451,2845.272,-1.65,7613.624
1998 November,552.326,1372.225,345.446,1250.643,1899.845,2831.788,2054.905,2059.411,2661.546,-3.033,7511.035
1998 December,803.191,1833.041,466.913,1432.059,2048.397,3021.099,2185.499,2190.007,2972.205,-2.26,8473.946
1999 January,1134.478,2368.786,591.037,1575.929,1989.335,2912.155,2055.556,2060.178,3146.643,-0.287,8916.761
1999 February,885.88,1829.531,503.704,1402.676,1786.9,2673.34,1906.492,1910.809,2733.381,-2.44,7813.917
1999 March,867.057,1879.336,485.978,1449.165,1911.954,2882.955,2160.77,2165.404,2951.101,-1.904,8374.956
1999 April,577.405,1450.178,338.194,1278.823,1853.501,2822.595,2108.289,2112.747,2786.954,-2.962,7661.381
1999 May,379.616,1288.428,245.353,1273.652,1824.557,2878.765,2182.608,2187.492,2996.202,-0.468,7627.869
1999 June,301.293,1411.658,212.01,1336.753,1833.595,2889.671,2162.338,2167.375,3296.222,4.149,7809.606
1999 July,269.886,1711.605,201.788,1463.588,1870.656,2959.049,2227.868,2233.468,3797.512,6.99,8374.699
1999 August,264.026,1675.504,207.132,1409.92,1979.562,3037.717,2248.188,2253.41,3677.642,6.289,8382.839
1999 September,281.889,1364.217,204.788,1240.099,1961.788,2905.725,2099.007,2103.787,3066.356,2.359,7616.185
1999 October,398.085,1281.494,258.838,1248.231,1979.181,2939.946,2245.955,2250.66,2838.272,-0.522,7719.808
1999 November,542.056,1386.027,329.833,1250.142,1930.486,2884.043,2116.823,2121.324,2722.337,-2.388,7639.148
1999 December,870.941,1912.211,475.005,1446.719,2026.755,2971.659,2344.889,2349.322,2962.321,-2.526,8677.385
2000 January,1098.095,2347.879,572.941,1621.319,1924.585,2906.089,2072.698,2077.673,3284.641,-0.408,8952.552
2000 February,985.175,2050.595,529.984,1489.012,1883.62,2799.312,2067.046,2071.627,2944.72,-1.812,8408.733
2000 March,740.199,1707.398,445.003,1462.63,1921.033,2929.981,2197.705,2202.458,2998.527,-2.494,8299.973
2000 April,564.463,1429.03,338.63,1315.251,1800.508,2780.875,2149.493,2154.026,2826.088,-3.94,7675.241
2000 May,382.12,1381.628,257.48,1395.187,1923.336,3009.118,2241.007,2246.294,3228.283,-0.617,8031.61
2000 June,299.545,1481.236,217.517,1389.741,1867.076,2914.762,2214.926,2220.146,3406.821,2.794,8008.679
2000 July,272.387,1627.582,207.623,1429.449,1855.473,2875.137,2295.161,2300.59,3602.115,3.511,8236.269
2000 August,286.165,1679.841,233.377,1496.039,1975.07,3037.217,2324.989,2330.641,3724.138,5.087,8548.824
2000 September,297.206,1412.7,225.332,1294.634,1890.671,2821.727,2163.079,2168.178,3120.952,1.351,7698.591
2000 October,409.346,1326.809,265.476,1281.194,1931.121,2875.907,2277.515,2282.324,2882.775,0.721,7766.954
2000 November,664.003,1580.542,384.823,1376.89,1873.356,2824.276,2160.555,2165.298,2864.27,-1.09,7945.917
2000 December,1157.586,2389.091,600.093,1624.956,1976.691,2893.414,2291.451,2296.212,3177.852,-0.808,9202.865
2001 January,1218.395,2566.678,628.857,1686.885,1948.768,2835.379,2138.99,2144.059,3297.992,-0.358,9232.643
2001 February,980.663,2014.719,528.721,1457.394,1772.006,2624.187,1979.427,1984.005,2819.488,-3.766,8076.539
2001 March,887.173,1915.611,479.987,1504.432,1907.391,2833.628,2224.673,2229.666,2984.113,-4.586,8478.752
2001 April,572.001,1466.15,342.514,1309.959,1813.785,2705.956,2162.029,2166.76,2758.496,-4.727,7644.096
2001 May,354.199,1282.632,234.628,1326.464,1786.298,2763.81,2257.842,2263.122,3003.061,-1.698,7634.33
2001 June,289.887,1413.452,205.351,1389.708,1704.828,2668.823,2179.575,2185.106,3277.448,0.827,7657.916
2001 July,275.799,1643.544,205.774,1469.326,1765.247,2707.644,2319.798,2325.392,3579.287,3.997,8149.902
2001 August,269.558,1711.555,208.578,1500.509,1833.177,2801.873,2284.759,2290.726,3708.59,4.514,8309.177
2001 September,272.446,1369.803,212.433,1319.718,1743.498,2599.288,2111.396,2116.973,3066.009,0.626,7406.407
2001 October,400.724,1330.913,265.927,1339.015,1901.163,2806.449,2243.335,2248.631,2913.858,-1.589,7723.42
2001 November,532.982,1416.505,317.374,1321.589,1809.386,2682.524,2125.224,2130.25,2765.903,-0.655,7550.214
2001 December,811.002,1899.668,454.66,1518.444,1806.089,2688.551,2152.321,2157.423,3040.013,1.336,8265.421
2002 January,1030.448,2293.562,543.998,1574.832,1920.119,2765.571,2158.988,2163.736,3144.149,-0.177,8797.524
2002 February,902.623,1915.636,494.277,1424.002,1712.678,2531.322,1989.332,1993.786,2765.836,-2.411,7862.335
2002 March,849.593,1904.414,465.336,1475.184,1850.478,2740.883,2242.869,2247.574,2959.779,-2.042,8366.013
2002 April,564.095,1507.436,340.432,1349.533,1801.373,2693.275,2210.786,2215.502,2849.06,-2.118,7763.628
2002 May,403.708,1386.234,262.003,1354.557,1817.735,2768.095,2292.411,2297.452,3030.481,-0.596,7805.742
2002 June,298.147,1517.187,210.804,1398.815,1760.431,2720.315,2250.73,2256.087,3372.291,2.847,7895.25
2002 July,267.945,1768.537,206.16,1496.6,1845.041,2834.134,2320.859,2326.422,3785.686,5.719,8431.411
2002 August,261.25,1733.821,205.747,1466.508,1834.476,2802.045,2338.208,2343.765,3706.457,4.876,8351.015
2002 September,267.933,1486.413,209.292,1364.534,1760.023,2647.285,2160.618,2165.847,3266.213,2.306,7666.385
2002 October,416.967,1422.738,278.943,1397.943,1830.955,2724.51,2258.868,2264.068,3023.527,-1.4,7807.859
2002 November,657.761,1642.827,385,1428.221,1839.641,2723.6,2221.466,2226.341,2917.122,-1.699,8019.291
2002 December,987.068,2205.682,530.219,1615.221,1824.195,2710.342,2302.153,2307.217,3194.826,-0.187,8838.275
2003 January,1205.679,2568.58,653.056,1733.937,1891.19,2777.633,2152.012,2158.638,3336.852,1.237,9240.026
2003 February,1101.784,2253.935,597.853,1545.424,1793.24,2619.067,2015.119,2020.797,2931.227,-2.321,8436.902
2003 March,877.734,1956.303,494.782,1497.718,1811.043,2696.749,2234.118,2240.338,2973.431,-3.023,8388.085
2003 April,582.222,1489.746,348.449,1323.797,1763.563,2666.839,2190.497,2196.146,2791.799,-3.658,7672.871
2003 May,398.63,1385.594,255.963,1333.013,1730.747,2681.908,2262.492,2268.627,3021.309,-1.008,7668.133
2003 June,298.104,1428.221,207.269,1349.899,1680.61,2642.514,2219.189,2225.292,3240.755,0.655,7646.582
2003 July,274.527,1711.138,209.139,1475.994,1801.549,2766.066,2313.416,2319.679,3674.245,3.679,8276.555
2003 August,267.023,1737.115,207.86,1478.503,1796.117,2785.92,2383.812,2390.271,3736.996,4.845,8396.654
2003 September,290.618,1463.506,217.288,1314.184,1750.449,2633.157,2193.44,2199.479,3158.531,1.156,7611.482
2003 October,400.84,1366.602,262.697,1338.775,1828.563,2764.215,2312.854,2319.108,2983.746,-0.807,7787.892
2003 November,581.25,1543.616,342.359,1370.757,1777.632,2701.187,2220.724,2226.826,2920.419,-1.415,7840.971
2003 December,955.312,2209.085,502.051,1587.143,1907.89,2820.221,2309.255,2315.852,3257.793,-0.513,8931.788
2004 January,1203.173,2596.092,634.747,1722.61,1915.603,2801.214,2229.323,2236.236,3373.306,0.609,9356.761
2004 February,1069.55,2266.846,590.817,1588.111,1862.039,2710.182,2168.709,2175.355,3049.38,-0.907,8739.588
2004 March,778.861,1840.014,453.956,1476.326,1896.863,2790.504,2327.203,2333.38,2983.341,-3.7,8436.524
2004 April,546.497,1457.74,340.067,1338.349,1831.173,2720.989,2279.649,2285.766,2805.456,-4.072,7798.772
2004 May,361.178,1395.149,247.368,1398.673,1841.846,2834.618,2338.553,2345.058,3184.553,-1.083,7972.415
2004 June,290.228,1517.292,211.806,1392.852,1811.484,2758.882,2311.476,2317.841,3361.874,0.859,7987.726
2004 July,272.178,1697.953,204.493,1477.994,1852.651,2828.262,2397.604,2404.516,3681.799,2.982,8411.707
2004 August,272.875,1649.098,206.211,1452.121,1881.391,2855.022,2395.391,2402.036,3602.409,2.11,8360.387
2004 September,269.709,1464.607,204.553,1370.281,1812.567,2727.521,2267.103,2273.633,3282.11,0.452,7836.495
2004 October,380.407,1391.775,257.165,1364.401,1888.294,2811.794,2381.99,2388.471,3048.587,-1.772,7954.67
2004 November,580.695,1565.647,347.996,1399.999,1870.114,2795.087,2290.663,2296.925,2968.19,-1.456,8056.203
2004 December,961.565,2237.627,533.058,1675.012,1946.772,2881.414,2360.039,2367.28,3359.899,0.459,9161.792
2005 January,1124.979,2494.866,587.096,1689.914,1912.074,2811.297,2288.814,2296.327,3379.442,1.229,9293.633
2005 February,959.854,2075.178,516.753,1491.857,1762.75,2588.105,2128.347,2135.198,2922.635,-0.972,8289.366
2005 March,876.745,1997.098,477.358,1542.358,1918.869,2814.424,2372.791,2379.439,3087.555,-1.047,8732.272
2005 April,539.999,1462.781,321.704,1326.291,1744.582,2620.986,2308.155,2314.431,2810.048,-4.364,7720.125
2005 May,400.637,1385.324,248.008,1371.495,1797.577,2765.001,2417.417,2423.755,3081.936,-1.15,7944.425
2005 June,303.903,1593.954,211.571,1473.674,1785.645,2759.404,2342.302,2349.158,3532.77,1.68,8177.87
2005 July,275.123,1869.966,201.24,1548.38,1737.752,2713.422,2445.624,2452.413,3924.443,3.236,8587.417
2005 August,272.873,1867.102,204.519,1554.915,1807.799,2790.306,2471.781,2479.018,3934.368,2.729,8694.069
2005 September,259.679,1567.292,196.114,1400.384,1635.335,2537.177,2281.267,2287.829,3420.286,0.25,7792.931
2005 October,356.944,1429.713,238.417,1371.659,1704.173,2601.12,2379.06,2385.432,3109.33,-0.964,7786.96
2005 November,549.834,1550.589,323.013,1401.402,1757.495,2669.027,2318.563,2324.975,2997.089,-1.011,7944.982
2005 December,981.564,2320.494,526.9,1680.37,1845.36,2769.801,2425.384,2432.739,3424.196,0.21,9203.614
2006 January,899.165,2172.18,496.169,1573.764,1858.066,2723.503,2344.512,2351.374,3222.909,0.243,8821.064
2006 February,891.228,2001.033,490.473,1506.853,1693.74,2545.462,2137.267,2143.798,2984.437,-0.902,8196.243
2006 March,808.076,1924.314,447.161,1522.563,1842.447,2727.992,2410.972,2417.732,3083.945,-1.634,8590.968
2006 April,499.437,1459.097,296.731,1333.455,1700.121,2577.341,2342.144,2348.443,2879.903,-2.542,7715.794
2006 May,339.358,1385.742,228.312,1413.197,1768.652,2727.974,2430.455,2436.881,3197.017,-1.217,7962.577
2006 June,265.823,1565.753,196.887,1463.668,1768.8,2716.596,2398.141,2404.808,3521.174,0.599,8151.424
2006 July,242.659,1858.418,184.327,1561.052,1732.668,2707.354,2501.518,2508.397,3974.049,2.97,8638.191
2006 August,236.565,1842.57,189.882,1556.056,1845.509,2811.746,2516.61,2523.351,3945.157,3.367,8737.089
2006 September,250.635,1427.789,195.626,1354.104,1796.356,2672.223,2331.098,2337.338,3217.739,-0.201,7791.252
2006 October,374.785,1398.74,255.953,1415.596,1857.382,2765.28,2441.57,2447.979,3097.905,-1.883,8025.711
2006 November,555.191,1583.766,329.984,1426.458,1826.301,2700.987,2317.729,2324.045,3006.05,-0.865,8034.39
2006 December,792.124,2049.807,436.006,1581.929,1838.278,2713.402,2445.837,2452.706,3285.599,1.68,8799.524
2007 January,994.624,2369.767,526.224,1697.007,1894.279,2798.532,2349.261,2357.665,3458.582,1.128,9224.099
2007 February,1093.663,2359.35,574.981,1624.888,1778.198,2595.059,2169.632,2177.123,3139.945,-0.273,8756.146
2007 March,800.582,1924.626,447.094,1538.654,1819.168,2697.417,2395,2402.901,3101.754,-2.636,8560.962
2007 April,545.944,1510.795,324.772,1404.713,1754.488,2645.377,2357.459,2364.361,2942.583,-2.645,7922.601
2007 May,336.883,1392.517,223.88,1412.797,1783.472,2738.921,2471.054,2477.75,3206.697,-1.766,8020.219
2007 June,259.886,1538.861,191.571,1469.83,1706.71,2660.591,2419.585,2426.829,3518.359,0.593,8096.704
2007 July,241.872,1749.418,179.928,1523.694,1728.324,2693.588,2513.08,2520.398,3823.894,2.671,8489.769
2007 August,243.435,1885.484,188.479,1615.819,1769.21,2776.914,2530.115,2537.482,4084.46,3.523,8819.221
2007 September,246.828,1564.356,188.165,1407.894,1725.327,2614.73,2345.353,2352.338,3433.645,0.686,7940.003
2007 October,317.251,1400.858,227.159,1422.802,1781.086,2709.516,2432.48,2439.286,3214.485,-1.392,7971.07
2007 November,572.122,1594.15,341.347,1456.071,1770.914,2677.991,2346.915,2354.089,3051.002,-0.957,8081.343
2007 December,936.772,2231.842,509.061,1677.287,1850.581,2774.106,2397.621,2404.936,3394.137,0.382,9088.554
2008 January,1115.371,2544.298,593.168,1761.665,1932.647,2822.893,2279.086,2286.523,3495.107,1.432,9416.811
2008 February,1037.939,2262.703,568.983,1647.495,1775.914,2617.719,2121.158,2127.977,3151.9,-0.196,8655.698
2008 March,850.854,1991.719,474.479,1574.592,1801.303,2690.233,2329.885,2336.595,3136.619,-1.851,8591.288
2008 April,544.733,1523.56,328.56,1406.385,1713.762,2602.633,2301.995,2308.521,2952.049,-2.76,7838.339
2008 May,370.709,1385.156,242.624,1424.535,1728.025,2695.375,2387.446,2393.977,3170.238,-1.906,7897.137
2008 June,284.227,1622.87,198.068,1514.621,1653.182,2615.164,2282.724,2289.56,3624.014,0.829,8043.044
2008 July,259.638,1812.691,191.196,1580.383,1687.026,2647.269,2368.032,2375.067,3909.519,2.722,8418.132
2008 August,247.693,1731.061,187.276,1517.827,1654.734,2603.421,2357.15,2364.102,3769.558,1.349,8217.76
2008 September,242.779,1439.599,186.223,1395.42,1501.618,2379.829,2131.358,2137.787,3290.657,0.124,7352.76
2008 October,362.994,1375.96,252.392,1420.703,1771.868,2658.924,2326.529,2333.248,3075.053,-3.852,7784.983
2008 November,592.576,1629.656,351.301,1460.377,1665.696,2527.042,2186.352,2192.964,3014.114,0.262,7810.301
2008 December,980.524,2349.998,525.86,1698.333,1640.851,2470.755,2267.949,2275.235,3379.137,4.38,8798.701
2009 January,1149.195,2608.652,629.302,1803.94,1707.244,2510.558,2198.927,2207.166,3445.647,1.164,9131.48
2009 February,931.88,2099.36,522.007,1525.312,1537.205,2260.298,1983.183,1989.977,2900.672,-2.766,7872.181
2009 March,775.05,1896.179,451.635,1530.201,1592.922,2373.714,2248.458,2255.587,2987.615,-3.752,8051.929
2009 April,539.696,1504.33,324.247,1374.921,1474.955,2247.822,2208.921,2215.377,2794.631,-0.845,7341.605
2009 May,332.615,1367.691,227.705,1382.405,1474.433,2299.213,2231.472,2238.07,3021.154,0.165,7287.544
2009 June,264.456,1521.788,192.036,1454.171,1487.14,2318.955,2233.5,2240.233,3358.016,1.867,7537.014
2009 July,249.908,1705.747,190.799,1475.377,1507.444,2337.453,2284.961,2292.014,3577.481,3.482,7814.073
2009 August,248.106,1712.159,194.1,1505.142,1552.41,2423.064,2311.946,2318.794,3652.597,2.956,7962.116
2009 September,257.463,1417.839,199.571,1357.296,1540.872,2345.568,2143.575,2149.986,3129.208,-0.459,7270.23
2009 October,398.844,1412.042,268.303,1383.915,1601.085,2417.906,2252.805,2258.972,2951.798,-1.794,7471.041
2009 November,529.494,1521.628,323.675,1378.446,1586.806,2393.485,2146.653,2152.944,2859.875,-1.292,7445.21
2009 December,961.375,2315.703,532.477,1717.144,1692.273,2534.43,2262.27,2269.756,3388.637,1.296,8838.33
2010 January,1141.082,2689.257,613.229,1748.074,1733.352,2526.322,2154.209,2161.656,3483.437,4.1,9129.408
2010 February,984.482,2249.194,544.625,1581.875,1636.224,2400.061,1969.88,1976.9,3072.818,0.814,8208.844
2010 March,739.382,1888.804,417.182,1463.387,1782.584,2587.859,2252.005,2258.698,3007.594,-1.504,8197.243
2010 April,443.117,1351.194,276.473,1305.673,1654.969,2465.83,2239.297,2245.433,2754.274,-2.866,7365.265
2010 May,333.027,1390.273,225.237,1408.772,1648.189,2563.54,2304.081,2310.771,3162.822,-0.702,7672.654
2010 June,272.578,1663.667,197.296,1499.888,1645.902,2555.428,2276.001,2283.121,3610.327,2.385,8004.489
2010 July,245.2,1893.882,181.62,1545.041,1656.886,2570.748,2355.078,2362.126,3933.012,4.167,8375.963
2010 August,237.532,1860.383,186.022,1546.704,1741.714,2667.967,2354.819,2361.377,3916.344,3.833,8440.264
2010 September,242.584,1499.153,188.452,1390.091,1701.869,2542.955,2252.047,2258.433,3305.68,-0.598,7690.034
2010 October,346.26,1334.183,254.612,1362.825,1677.376,2516.047,2284.958,2291.194,2941.042,-1.947,7502.302
2010 November,601.341,1598.849,362.019,1448.958,1702.829,2555.236,2185.502,2191.938,2943.29,-1.949,7793.033
2010 December,1054.77,2475.684,576.276,1756.889,1838.36,2716.099,2270.802,2278.389,3486.854,1.139,9228.2
2011 January,1157.258,2666.381,631.04,1757.206,1854.312,2687.543,2172.493,2179.884,3475.911,3.04,9294.055
2011 February,938.304,2153.929,526.247,1536.271,1634.941,2407.788,1998.727,2005.171,3004.941,-0.356,8102.803
2011 March,751.948,1854.167,442.854,1538.086,1818.476,2682.092,2256.604,2263.575,3068.039,-1.94,8335.981
2011 April,466.902,1452.361,293.359,1350.382,1650.519,2495.74,2189.651,2196.264,2894.316,-1.103,7493.644
2011 May,322.486,1377.458,219.318,1381.586,1658.829,2545.024,2264.09,2270.77,3110.114,-0.765,7574.072
2011 June,255.722,1605.869,194.697,1461.116,1641.621,2540.893,2270.418,2277.307,3522.727,2.278,7887.462
2011 July,238.446,1911.179,189.276,1573.757,1651.347,2594.552,2285.758,2292.79,4007.452,6.308,8378.587
2011 August,247.831,1848.997,206.039,1553.393,1745.344,2672.134,2315.894,2322.406,3881.823,4.532,8401.462
2011 September,256.8,1473.041,210.01,1378.995,1669.111,2510.957,2185.024,2191.303,3233.353,0.202,7554.499
2011 October,371.452,1344.102,281.735,1399.013,1734.552,2601.248,2222.976,2229.316,2962.963,-1.393,7572.285
2011 November,589.001,1576.603,368.327,1433.605,1767.979,2624.762,2141.582,2147.83,2915.913,-2.005,7780.796
2011 December,877.516,2116.317,501.825,1618.441,1763.529,2615.174,2217.515,2224.495,3214.041,-1.271,8573.155
2012 January,963.157,2261.989,544.305,1630.153,1859.737,2676.962,2099.899,2106.605,3208.61,-0.341,8675.368
2012 February,810.002,1902.852,470.456,1483.397,1744.384,2536.864,2035.189,2041.557,2904.639,-2.531,7962.139
2012 March,539.191,1550.587,336.829,1379.909,1738.298,2565.827,2176.175,2182.25,2888.08,-5.692,7672.881
2012 April,394.424,1288.849,269.262,1294.988,1658.699,2481.314,2148.5,2154.49,2748.757,-5.529,7214.112
2012 May,280.363,1352.466,210.269,1387.625,1709.276,2609.053,2253.756,2260.078,3155.558,-2.121,7607.102
2012 June,236.245,1524.505,190.784,1427.436,1671.001,2547.267,2220.327,2226.587,3407.437,2.853,7728.648
2012 July,221.776,1854.766,184.063,1541.923,1691.002,2612.394,2267.034,2273.681,3918.89,7.776,8290.541
2012 August,228.952,1741.866,200.423,1510.498,1744.43,2645.429,2318.534,2325.003,3730.458,5.086,8227.882
2012 September,231.102,1411.277,200.088,1357.954,1656.992,2471.971,2117.78,2123.873,3159.114,2.696,7367.771
2012 October,357.123,1334.963,272.906,1390.354,1794.12,2633.646,2207.241,2213.303,2940.878,0.037,7572.303
2012 November,609.7,1620.768,376.36,1434.107,1784.034,2604.577,2100.248,2106.165,2895.274,-0.128,7765.489
2012 December,812.468,2031.055,467.66,1578.832,1831.547,2667.785,2108.89,2115.492,3172.598,0.063,8393.226
2013 January,1075.404,2430.249,586.344,1693.875,1894.355,2722.01,2129.695,2136.52,3296.855,-0.506,8982.147
2013 February,934.491,2066.288,527.723,1538.467,1699.745,2467.111,1937.649,1944.241,2916.499,-1.395,8014.712
2013 March,843.193,1996.393,486.647,1556.668,1775.543,2603.426,2217.636,2224.256,3057.725,-1.574,8379.17
2013 April,516.922,1486.952,323.248,1352.715,1693.423,2507.863,2169.095,2175.488,2820.329,-3.813,7519.205
2013 May,322.876,1322.754,228.972,1370.558,1756.065,2647.81,2271.501,2278.09,3039.799,-2.639,7616.574
2013 June,243.654,1485.63,187.83,1423.788,1691.005,2577.046,2224.497,2231.216,3370.695,2.014,7719.693
2013 July,234.384,1730.235,188.922,1512.74,1771.33,2674.809,2340.594,2347.339,3729.894,5.367,8270.491
2013 August,235.44,1655.433,195.304,1502.145,1752.699,2655.784,2346.413,2353.045,3636.552,4.173,8170.581
2013 September,246.564,1453.064,201.296,1377.872,1773.492,2598.483,2199.191,2205.411,3214.286,0.79,7635.619
2013 October,353.1,1349.648,264.38,1392.066,1846.593,2682.783,2286.051,2292.005,2966.377,-2.264,7714.237
2013 November,664.024,1695.382,414.934,1504.026,1880.283,2719.153,2205.398,2211.448,2965.37,-2.34,8127.669
2013 December,1019.316,2380.846,555.798,1704.033,1943.307,2767.483,2207.963,2215.131,3341.11,0.853,9068.347
2014 January,1240.535,2776.908,672.604,1866.644,1959.644,2800.114,2138.339,2145.805,3578.349,4.412,9593.884
2014 February,1040.42,2323.24,587.389,1629.345,1735.25,2488.248,1981.417,1988.406,3084.762,2.502,8431.741
2014 March,883.309,2065.689,513.567,1620.751,1793.243,2626.872,2205.551,2212.263,3129.905,0.144,8525.719
2014 April,492.635,1424.138,313.882,1348.026,1755.463,2568.023,2214.225,2220.681,2784.665,-2.742,7558.127
2014 May,344.769,1349.588,243.918,1395.049,1726.279,2622.522,2273.393,2280.169,3058.969,-0.969,7646.359
2014 June,258.999,1497.498,204.256,1446.674,1686.608,2585.837,2240.484,2246.877,3386.539,2.416,7779.302
2014 July,245.755,1667.379,198.252,1499.594,1775.902,2693.202,2360.41,2367.1,3646.954,3.711,8230.985
2014 August,241.367,1641.032,199.101,1493.383,1779.064,2704.499,2358.53,2365.144,3625.994,3.861,8207.918
2014 September,268.425,1449.635,217.346,1391.78,1772.538,2608.876,2192.471,2198.612,3198.123,0.656,7649.559
2014 October,368.477,1343.638,276.006,1400.223,1841.442,2686.861,2328.165,2334.38,2951.013,-2.728,7762.375
2014 November,716.15,1761.858,445.739,1541.477,1831.9,2683.767,2207.079,2213.776,3000.011,-2.877,8198.002
2014 December,905.826,2147.585,518.555,1629.453,1901.787,2725.4,2291.273,2297.711,3182.709,-2.842,8797.308
2015 January,1145.536,2548.5,666.656,1803.365,1952.767,2763.486,2178.501,2185.353,3357.244,-0.671,9300.032
2015 February,1090.228,2342.954,639.145,1706.192,1774.482,2550.863,2004.894,2011.97,3103.23,0.71,8612.688
2015 March,803.176,1955.234,498.704,1558.619,1843.253,2627,2289.609,2296.29,3002.401,-2.17,8434.973
2015 April,452.017,1343.708,322.587,1352.369,1748.53,2544.225,2227.134,2233.259,2723.291,-3.349,7470.211
2015 May,311.812,1303.298,250.951,1390.859,1777.906,2641.813,2306.824,2313.166,3001.644,-1.259,7647.878
2015 June,239.676,1486.41,215.746,1451.809,1763.941,2657.463,2298.138,2304.453,3382.634,2.283,7902.419
2015 July,230.375,1735.631,218.58,1543.108,1826.415,2730.851,2412.608,2419.289,3740.9,4.852,8433.73
2015 August,228.617,1687.662,222.367,1519.911,1812.834,2705.06,2392.578,2398.884,3655.121,4.703,8316.221
2015 September,227.822,1452.441,220.881,1414.045,1717.957,2545.299,2268.174,2274.183,3251.133,3.198,7689.166
2015 October,367.002,1335.532,306.922,1406.791,1745.357,2556.93,2317.635,2323.835,2886.172,-1.698,7621.391
2015 November,581.359,1519.155,399.587,1453.37,1727.386,2521.665,2184.054,2190.164,2791.969,-2.771,7681.584
2015 December,786.575,1910.5,479.078,1554.28,1833.689,2620.991,2283.759,2289.992,2992.663,-2.489,8373.274
2016 January,1058.61,2391.909,627.466,1751.449,1928.306,2730.98,2182.011,2188.73,3266.676,-0.414,9062.654
2016 February,855.987,1984.684,531.617,1538.569,1837.455,2584.489,2121.082,2127.372,2888.973,-3.75,8231.365
2016 March,602.407,1582.172,404.652,1438.306,1846.694,2621.279,2344.783,2350.739,2793.958,-6.833,7985.663
2016 April,461.464,1341.057,328.564,1345.719,1720.124,2504.051,2260.429,2266.36,2686.606,-5.261,7451.926
2016 May,324.077,1289.397,264.937,1376.173,1726.804,2561.91,2351.298,2357.254,2917.62,-3.181,7581.554
2016 June,236.496,1528.532,222.222,1464.233,1710.065,2573.465,2359.127,2365.642,3403.962,2.804,7934.676
2016 July,226.604,1816.872,221.987,1561.257,1750.856,2647.659,2430.144,2436.82,3833.017,6.372,8468.979
2016 August,212.586,1770.772,224.066,1568.878,1841.448,2728.906,2455.872,2462.161,3796.744,6.644,8537.361
2016 September,229.949,1477.414,229.905,1420.764,1737.493,2540.374,2297.616,2303.759,3247.348,2.998,7745.309
2016 October,323.705,1318.845,289.689,1397.126,1808.371,2608.315,2321.172,2327.177,2908.527,-0.325,7651.138
2016 November,519.027,1446.099,382.363,1426.912,1806.188,2585.887,2251.468,2257.35,2757.201,-3.127,7713.12
2016 December,980.842,2239.664,594.112,1737.632,1942.463,2758.453,2338.029,2344.806,3225.109,-0.42,9080.134
2017 January,1015.678,2315.662,604.831,1706.374,1939.162,2732.046,2219.578,2226.29,3201.124,1.853,8982.226
2017 February,725.813,1708.489,462.727,1432.474,1711.665,2437.066,2041.043,2047.225,2684.007,-2.273,7622.98
2017 March,736.071,1773.112,481.613,1559.668,1909.88,2719.936,2373.295,2379.783,2931.643,-2.495,8430.005
2017 April,412.713,1310.63,306.753,1322.095,1776.337,2557.21,2259.559,2265.389,2699.961,-3.32,7452.004
2017 May,324.225,1324.512,267.873,1386.13,1821.41,2667.537,2416.976,2422.908,2970.603,-1.335,7799.752
2017 June,250.811,1482.505,229.242,1435.506,1784.418,2642.767,2394.688,2400.998,3302.616,2.41,7964.186
2017 July,226.91,1744.773,218.704,1527.734,1833.966,2723.073,2425.032,2431.409,3722.376,5.442,8432.43
2017 August,222.828,1614.564,224.932,1484.105,1830.737,2704.296,2484.472,2490.744,3530.741,3.727,8297.436
2017 September,231.706,1379.017,228.855,1376.262,1765.286,2572.219,2295.667,2301.637,3107.623,0.439,7629.575
2017 October,333.419,1349.49,293.784,1413.389,1854.646,2673.099,2397.447,2403.635,2960.317,-1.547,7838.066
2017 November,620.001,1617.361,429.818,1494.662,1926.243,2732.238,2280.831,2286.894,2874.263,-1.783,8129.372
2017 December,1008.7,2280.574,617.175,1756.663,1995.072,2831.577,2353.604,2360.524,3254.787,-0.682,9228.656
2018 January,1197.312,2712.568,690.778,1856.557,2054.911,2828.522,2247.86,2255.497,3462.282,2.105,9655.249
2018 February,854.168,1973.816,530.859,1538.114,1803.157,2513.637,2046.888,2053.236,2843.732,-2.063,8076.741
2018 March,827.39,1905.49,527.361,1615.01,1981.178,2755.539,2405.201,2411.505,2946.414,-4.195,8683.35
2018 April,595.753,1550.569,402.166,1435.205,1830.223,2585.424,2311.687,2317.788,2749.156,-5.501,7883.484
2018 May,303.153,1388.666,252.125,1434.256,1881.843,2737.078,2456.356,2462.563,3129.087,-2.983,8019.581
2018 June,245.259,1572.633,225.467,1471.859,1832.567,2668.367,2422.991,2429.431,3416.005,1.301,8143.591
2018 July,235.675,1794.382,221.56,1555.014,1888.057,2754.242,2494.209,2500.728,3764.866,3.218,8607.584
2018 August,226.639,1736.625,225.945,1553.577,1971.776,2856.659,2537.029,2543.8,3729.273,3.323,8693.985
2018 September,238.874,1498.172,228.428,1420.298,1833.469,2629.403,2305.433,2311.789,3253.459,-0.182,7859.481
2018 October,411.601,1447.895,341.455,1467.368,1994.663,2782.031,2405.32,2411.497,2955.75,-6.686,8102.104
2018 November,774.818,1844.311,501.004,1583.43,1942.276,2738.169,2317.863,2324.294,2954.242,-5.314,8484.889
2018 December,976.17,2225.755,602.116,1699.436,1988.695,2765.364,2364.396,2371.121,3130.299,-3.574,9058.102
